id,predicted
0,0.0
1,0.0
2,0.0
3,0.0
4,0.0
5,0.0
6,0.0
7,0.0
8,0.0
9,0.0
10,0.0
11,0.0
12,0.0
13,0.0
14,0.0
15,0.0
16,0.0
17,0.0
18,0.0
19,0.0
20,0.0
21,0.0
22,0.0
23,0.0
24,0.0
25,0.0
26,0.0
27,0.0
28,0.0
29,0.0
30,0.0
31,0.0
32,0.0
33,0.0
34,0.0
35,0.0
36,0.0015932275395271036
37,0.0015932275395271036
38,0.0015932275395271036
39,0.0015932275395271036
40,0.0015932275395271036
41,0.0015932275395271036
42,0.0015932275395271036
43,0.0015932275395271036
44,0.0015932275395271036
45,0.0015932275395271036
46,0.0015932275395271036
47,0.0015932275395271036
48,0.0015932275395271036
49,0.0015932275395271036
50,0.0015932275395271036
51,0.0015932275395271036
52,0.0015932275395271036
53,0.0015932275395271036
54,0.0015932275395271036
55,0.0015932275395271036
56,0.0015932275395271036
57,0.0015932275395271036
58,0.0015932275395271036
59,0.0015932275395271036
60,0.00986135715799546
61,0.00986135715799546
62,0.00986135715799546
63,0.00986135715799546
64,0.00986135715799546
65,0.00986135715799546
66,0.00986135715799546
67,0.00986135715799546
68,0.00986135715799546
69,0.00986135715799546
70,0.00986135715799546
71,0.00986135715799546
72,0.16945658661656626
73,0.16945658661656626
74,0.16945658661656626
75,0.16945658661656626
76,0.16945658661656626
77,0.16945658661656626
78,0.16945658661656626
79,0.16945658661656626
80,0.16945658661656626
81,0.16945658661656626
82,0.16945658661656626
83,0.16945658661656626
84,0.32369856238776706
85,0.32369856238776706
86,0.32369856238776706
87,0.32369856238776706
88,0.32369856238776706
89,0.32369856238776706
90,0.32369856238776706
91,0.32369856238776706
92,0.32369856238776706
93,0.32369856238776706
94,0.32369856238776706
95,0.32369856238776706
96,0.45389967938455156
97,0.45389967938455156
98,0.45389967938455156
99,0.45389967938455156
100,0.45389967938455156
101,0.45389967938455156
102,0.45389967938455156
103,0.45389967938455156
104,0.45389967938455156
105,0.45389967938455156
106,0.45389967938455156
107,0.45389967938455156
108,1.9270253999975246
109,1.9270253999975246
110,1.9270253999975246
111,1.9270253999975246
112,1.9270253999975246
113,1.9270253999975246
114,1.9270253999975246
115,1.9270253999975246
116,1.9270253999975246
117,1.9270253999975246
118,1.9270253999975246
119,1.9270253999975246
120,2.189860544220831
121,2.189860544220831
122,2.189860544220831
123,2.189860544220831
124,2.189860544220831
125,2.189860544220831
126,2.189860544220831
127,2.189860544220831
128,2.189860544220831
129,2.189860544220831
130,2.189860544220831
131,2.189860544220831
132,1.368562376940356
133,1.368562376940356
134,1.368562376940356
135,1.368562376940356
136,1.368562376940356
137,1.368562376940356
138,1.368562376940356
139,1.368562376940356
140,1.368562376940356
141,1.368562376940356
142,1.368562376940356
143,1.368562376940356
144,1.6744117409751333
145,1.6744117409751333
146,1.6744117409751333
147,1.6744117409751333
148,1.6744117409751333
149,1.6744117409751333
150,1.6744117409751333
151,1.6744117409751333
152,1.6744117409751333
153,1.6744117409751333
154,1.6744117409751333
155,1.6744117409751333
156,1.0448953127767475
157,1.0448953127767475
158,1.0448953127767475
159,1.0448953127767475
160,1.0448953127767475
161,1.0448953127767475
162,1.0448953127767475
163,1.0448953127767475
164,1.0448953127767475
165,1.0448953127767475
166,1.0448953127767475
167,1.0448953127767475
168,0.22657100121862428
169,0.22657100121862428
170,0.22657100121862428
171,0.22657100121862428
172,0.22657100121862428
173,0.22657100121862428
174,0.22657100121862428
175,0.22657100121862428
176,0.22657100121862428
177,0.22657100121862428
178,0.22657100121862428
179,0.22657100121862428
180,0.26375604042583295
181,0.26375604042583295
182,0.26375604042583295
183,0.26375604042583295
184,0.26375604042583295
185,0.26375604042583295
186,0.26375604042583295
187,0.26375604042583295
188,0.26375604042583295
189,0.26375604042583295
190,0.26375604042583295
191,0.26375604042583295
192,0.028279354854084247
193,0.028279354854084247
194,0.028279354854084247
195,0.028279354854084247
196,0.028279354854084247
197,0.028279354854084247
198,0.028279354854084247
199,0.028279354854084247
200,0.028279354854084247
201,0.028279354854084247
202,0.028279354854084247
203,0.028279354854084247
204,0.01626889420465831
205,0.01626889420465831
206,0.01626889420465831
207,0.01626889420465831
208,0.01626889420465831
209,0.01626889420465831
210,0.01626889420465831
211,0.01626889420465831
212,0.01626889420465831
213,0.01626889420465831
214,0.01626889420465831
215,0.01626889420465831
216,0.0
217,0.0
218,0.0
219,0.0
220,0.0
221,0.0
222,0.0
223,0.0
224,0.0
225,0.0
226,0.0
227,0.0
228,0.0
229,0.0
230,0.0
231,0.0
232,0.0
233,0.0
234,0.0
235,0.0
236,0.0
237,0.0
238,0.0
239,0.0
240,0.027651073402189613
241,0.027651073402189613
242,0.027651073402189613
243,0.027651073402189613
244,0.027651073402189613
245,0.027651073402189613
246,0.027651073402189613
247,0.027651073402189613
248,0.027651073402189613
249,0.027651073402189613
250,0.027651073402189613
251,0.027651073402189613
252,0.0
253,0.0
254,0.0
255,0.0
256,0.0
257,0.0
258,0.0
259,0.0
260,0.0
261,0.0
262,0.0
263,0.0
264,0.0
265,0.0
266,0.0
267,0.0
268,0.0
269,0.0
270,0.0
271,0.0
272,0.0
273,0.0
274,0.0
275,0.0
276,0.0
277,0.0
278,0.0
279,0.0
280,0.0
281,0.0
282,0.0
283,0.0
284,0.0
285,0.0
286,0.0
287,0.0
288,0.0
289,0.0
290,0.0
291,0.0
292,0.0
293,0.0
294,0.0
295,0.0
296,0.0
297,0.0
298,0.0
299,0.0
300,0.022999893613401518
301,0.022999893613401518
302,0.022999893613401518
303,0.022999893613401518
304,0.022999893613401518
305,0.022999893613401518
306,0.022999893613401518
307,0.022999893613401518
308,0.022999893613401518
309,0.022999893613401518
310,0.022999893613401518
311,0.022999893613401518
312,0.0
313,0.0
314,0.0
315,0.0
316,0.0
317,0.0
318,0.0
319,0.0
320,0.0
321,0.0
322,0.0
323,0.0
324,0.0834058024306278
325,0.0834058024306278
326,0.0834058024306278
327,0.0834058024306278
328,0.0834058024306278
329,0.0834058024306278
330,0.0834058024306278
331,0.0834058024306278
332,0.0834058024306278
333,0.0834058024306278
334,0.0834058024306278
335,0.0834058024306278
336,0.0
337,0.0
338,0.0
339,0.0
340,0.0
341,0.0
342,0.0
343,0.0
344,0.0
345,0.0
346,0.0
347,0.0
348,0.12019645236041512
349,0.12019645236041512
350,0.12019645236041512
351,0.12019645236041512
352,0.12019645236041512
353,0.12019645236041512
354,0.12019645236041512
355,0.12019645236041512
356,0.12019645236041512
357,0.12019645236041512
358,0.12019645236041512
359,0.12019645236041512
360,0.2389288111986155
361,0.2389288111986155
362,0.2389288111986155
363,0.2389288111986155
364,0.2389288111986155
365,0.2389288111986155
366,0.2389288111986155
367,0.2389288111986155
368,0.2389288111986155
369,0.2389288111986155
370,0.2389288111986155
371,0.2389288111986155
372,0.13574309333180443
373,0.13574309333180443
374,0.13574309333180443
375,0.13574309333180443
376,0.13574309333180443
377,0.13574309333180443
378,0.13574309333180443
379,0.13574309333180443
380,0.13574309333180443
381,0.13574309333180443
382,0.13574309333180443
383,0.13574309333180443
384,0.3497372820046107
385,0.3497372820046107
386,0.3497372820046107
387,0.3497372820046107
388,0.3497372820046107
389,0.3497372820046107
390,0.3497372820046107
391,0.3497372820046107
392,0.3497372820046107
393,0.3497372820046107
394,0.3497372820046107
395,0.3497372820046107
396,1.0614347059313745
397,1.0614347059313745
398,1.0614347059313745
399,1.0614347059313745
400,1.0614347059313745
401,1.0614347059313745
402,1.0614347059313745
403,1.0614347059313745
404,1.0614347059313745
405,1.0614347059313745
406,1.0614347059313745
407,1.0614347059313745
408,0.9075311038094273
409,0.9075311038094273
410,0.9075311038094273
411,0.9075311038094273
412,0.9075311038094273
413,0.9075311038094273
414,0.9075311038094273
415,0.9075311038094273
416,0.9075311038094273
417,0.9075311038094273
418,0.9075311038094273
419,0.9075311038094273
420,1.1721464241502086
421,1.1721464241502086
422,1.1721464241502086
423,1.1721464241502086
424,1.1721464241502086
425,1.1721464241502086
426,1.1721464241502086
427,1.1721464241502086
428,1.1721464241502086
429,1.1721464241502086
430,1.1721464241502086
431,1.1721464241502086
432,1.1493301651357486
433,1.1493301651357486
434,1.1493301651357486
435,1.1493301651357486
436,1.1493301651357486
437,1.1493301651357486
438,1.1493301651357486
439,1.1493301651357486
440,1.1493301651357486
441,1.1493301651357486
442,1.1493301651357486
443,1.1493301651357486
444,1.0343902779713967
445,1.0343902779713967
446,1.0343902779713967
447,1.0343902779713967
448,1.0343902779713967
449,1.0343902779713967
450,1.0343902779713967
451,1.0343902779713967
452,1.0343902779713967
453,1.0343902779713967
454,1.0343902779713967
455,1.0343902779713967
456,0.8724270270302465
457,0.8724270270302465
458,0.8724270270302465
459,0.8724270270302465
460,0.8724270270302465
461,0.8724270270302465
462,0.8724270270302465
463,0.8724270270302465
464,0.8724270270302465
465,0.8724270270302465
466,0.8724270270302465
467,0.8724270270302465
468,0.622879543998454
469,0.622879543998454
470,0.622879543998454
471,0.622879543998454
472,0.622879543998454
473,0.622879543998454
474,0.622879543998454
475,0.622879543998454
476,0.622879543998454
477,0.622879543998454
478,0.622879543998454
479,0.622879543998454
480,0.2086410409964766
481,0.2086410409964766
482,0.2086410409964766
483,0.2086410409964766
484,0.2086410409964766
485,0.2086410409964766
486,0.2086410409964766
487,0.2086410409964766
488,0.2086410409964766
489,0.2086410409964766
490,0.2086410409964766
491,0.2086410409964766
492,0.04731481297844361
493,0.04731481297844361
494,0.04731481297844361
495,0.04731481297844361
496,0.04731481297844361
497,0.04731481297844361
498,0.04731481297844361
499,0.04731481297844361
500,0.04731481297844361
501,0.04731481297844361
502,0.04731481297844361
503,0.04731481297844361
504,0.018698946511020855
505,0.018698946511020855
506,0.018698946511020855
507,0.018698946511020855
508,0.018698946511020855
509,0.018698946511020855
510,0.018698946511020855
511,0.018698946511020855
512,0.018698946511020855
513,0.018698946511020855
514,0.018698946511020855
515,0.018698946511020855
516,0.0024878171136558224
517,0.0024878171136558224
518,0.0024878171136558224
519,0.0024878171136558224
520,0.0024878171136558224
521,0.0024878171136558224
522,0.0024878171136558224
523,0.0024878171136558224
524,0.0024878171136558224
525,0.0024878171136558224
526,0.0024878171136558224
527,0.0024878171136558224
528,0.0020965447653334044
529,0.0020965447653334044
530,0.0020965447653334044
531,0.0020965447653334044
532,0.0020965447653334044
533,0.0020965447653334044
534,0.0020965447653334044
535,0.0020965447653334044
536,0.0020965447653334044
537,0.0020965447653334044
538,0.0020965447653334044
539,0.0020965447653334044
540,0.013521241052111516
541,0.013521241052111516
542,0.013521241052111516
543,0.013521241052111516
544,0.013521241052111516
545,0.013521241052111516
546,0.013521241052111516
547,0.013521241052111516
548,0.013521241052111516
549,0.013521241052111516
550,0.013521241052111516
551,0.013521241052111516
552,0.0
553,0.0
554,0.0
555,0.0
556,0.0
557,0.0
558,0.0
559,0.0
560,0.0
561,0.0
562,0.0
563,0.0
564,0.0024656888424546136
565,0.0024656888424546136
566,0.0024656888424546136
567,0.0024656888424546136
568,0.0024656888424546136
569,0.0024656888424546136
570,0.0024656888424546136
571,0.0024656888424546136
572,0.0024656888424546136
573,0.0024656888424546136
574,0.0024656888424546136
575,0.0024656888424546136
576,0.0
577,0.0
578,0.0
579,0.0
580,0.0
581,0.0
582,0.0
583,0.0
584,0.0
585,0.0
586,0.0
587,0.0
588,0.0
589,0.0
590,0.0
591,0.0
592,0.0
593,0.0
594,0.0
595,0.0
596,0.0
597,0.0
598,0.0
599,0.0
600,0.0
601,0.0
602,0.0
603,0.0
604,0.0
605,0.0
606,0.0
607,0.0
608,0.0
609,0.0
610,0.0
611,0.0
612,0.0
613,0.0
614,0.0
615,0.0
616,0.0
617,0.0
618,0.0
619,0.0
620,0.0
621,0.0
622,0.0
623,0.0
624,0.008891972959178415
625,0.008891972959178415
626,0.008891972959178415
627,0.008891972959178415
628,0.008891972959178415
629,0.008891972959178415
630,0.008891972959178415
631,0.008891972959178415
632,0.008891972959178415
633,0.008891972959178415
634,0.008891972959178415
635,0.008891972959178415
636,0.0
637,0.0
638,0.0
639,0.0
640,0.0
641,0.0
642,0.0
643,0.0
644,0.0
645,0.0
646,0.0
647,0.0
648,0.048513847629514724
649,0.048513847629514724
650,0.048513847629514724
651,0.048513847629514724
652,0.048513847629514724
653,0.048513847629514724
654,0.048513847629514724
655,0.048513847629514724
656,0.048513847629514724
657,0.048513847629514724
658,0.048513847629514724
659,0.048513847629514724
660,0.21860899065323802
661,0.21860899065323802
662,0.21860899065323802
663,0.21860899065323802
664,0.21860899065323802
665,0.21860899065323802
666,0.21860899065323802
667,0.21860899065323802
668,0.21860899065323802
669,0.21860899065323802
670,0.21860899065323802
671,0.21860899065323802
672,1.5395128658684762
673,1.5395128658684762
674,1.5395128658684762
675,1.5395128658684762
676,1.5395128658684762
677,1.5395128658684762
678,1.5395128658684762
679,1.5395128658684762
680,1.5395128658684762
681,1.5395128658684762
682,1.5395128658684762
683,1.5395128658684762
684,0.8811953567438018
685,0.8811953567438018
686,0.8811953567438018
687,0.8811953567438018
688,0.8811953567438018
689,0.8811953567438018
690,0.8811953567438018
691,0.8811953567438018
692,0.8811953567438018
693,0.8811953567438018
694,0.8811953567438018
695,0.8811953567438018
696,1.6179028501567378
697,1.6179028501567378
698,1.6179028501567378
699,1.6179028501567378
700,1.6179028501567378
701,1.6179028501567378
702,1.6179028501567378
703,1.6179028501567378
704,1.6179028501567378
705,1.6179028501567378
706,1.6179028501567378
707,1.6179028501567378
708,1.7581011619929015
709,1.7581011619929015
710,1.7581011619929015
711,1.7581011619929015
712,1.7581011619929015
713,1.7581011619929015
714,1.7581011619929015
715,1.7581011619929015
716,1.7581011619929015
717,1.7581011619929015
718,1.7581011619929015
719,1.7581011619929015
720,1.8223113321292554
721,1.8223113321292554
722,1.8223113321292554
723,1.8223113321292554
724,1.8223113321292554
725,1.8223113321292554
726,1.8223113321292554
727,1.8223113321292554
728,1.8223113321292554
729,1.8223113321292554
730,1.8223113321292554
731,1.8223113321292554
732,1.045134408057069
733,1.045134408057069
734,1.045134408057069
735,1.045134408057069
736,1.045134408057069
737,1.045134408057069
738,1.045134408057069
739,1.045134408057069
740,1.045134408057069
741,1.045134408057069
742,1.045134408057069
743,1.045134408057069
744,0.9147807314051568
745,0.9147807314051568
746,0.9147807314051568
747,0.9147807314051568
748,0.9147807314051568
749,0.9147807314051568
750,0.9147807314051568
751,0.9147807314051568
752,0.9147807314051568
753,0.9147807314051568
754,0.9147807314051568
755,0.9147807314051568
756,0.47117704660537785
757,0.47117704660537785
758,0.47117704660537785
759,0.47117704660537785
760,0.47117704660537785
761,0.47117704660537785
762,0.47117704660537785
763,0.47117704660537785
764,0.47117704660537785
765,0.47117704660537785
766,0.47117704660537785
767,0.47117704660537785
768,0.16823186710143737
769,0.16823186710143737
770,0.16823186710143737
771,0.16823186710143737
772,0.16823186710143737
773,0.16823186710143737
774,0.16823186710143737
775,0.16823186710143737
776,0.16823186710143737
777,0.16823186710143737
778,0.16823186710143737
779,0.16823186710143737
780,0.05864379237127343
781,0.05864379237127343
782,0.05864379237127343
783,0.05864379237127343
784,0.05864379237127343
785,0.05864379237127343
786,0.05864379237127343
787,0.05864379237127343
788,0.05864379237127343
789,0.05864379237127343
790,0.05864379237127343
791,0.05864379237127343
792,0.0032786266883589803
793,0.0032786266883589803
794,0.0032786266883589803
795,0.0032786266883589803
796,0.0032786266883589803
797,0.0032786266883589803
798,0.0032786266883589803
799,0.0032786266883589803
800,0.0032786266883589803
801,0.0032786266883589803
802,0.0032786266883589803
803,0.0032786266883589803
804,0.054729137284837776
805,0.054729137284837776
806,0.054729137284837776
807,0.054729137284837776
808,0.054729137284837776
809,0.054729137284837776
810,0.054729137284837776
811,0.054729137284837776
812,0.054729137284837776
813,0.054729137284837776
814,0.054729137284837776
815,0.054729137284837776
816,0.0
817,0.0
818,0.0
819,0.0
820,0.0
821,0.0
822,0.0
823,0.0
824,0.0
825,0.0
826,0.0
827,0.0
828,0.024483612953201495
829,0.024483612953201495
830,0.024483612953201495
831,0.024483612953201495
832,0.024483612953201495
833,0.024483612953201495
834,0.024483612953201495
835,0.024483612953201495
836,0.024483612953201495
837,0.024483612953201495
838,0.024483612953201495
839,0.024483612953201495
840,0.0005847523111779145
841,0.0005847523111779145
842,0.0005847523111779145
843,0.0005847523111779145
844,0.0005847523111779145
845,0.0005847523111779145
846,0.0005847523111779145
847,0.0005847523111779145
848,0.0005847523111779145
849,0.0005847523111779145
850,0.0005847523111779145
851,0.0005847523111779145
852,0.0
853,0.0
854,0.0
855,0.0
856,0.0
857,0.0
858,0.0
859,0.0
860,0.0
861,0.0
862,0.0
863,0.0
864,0.0
865,0.0
866,0.0
867,0.0
868,0.0
869,0.0
870,0.0
871,0.0
872,0.0
873,0.0
874,0.0
875,0.0
876,0.0
877,0.0
878,0.0
879,0.0
880,0.0
881,0.0
882,0.0
883,0.0
884,0.0
885,0.0
886,0.0
887,0.0
888,0.0
889,0.0
890,0.0
891,0.0
892,0.0
893,0.0
894,0.0
895,0.0
896,0.0
897,0.0
898,0.0
899,0.0
900,0.0
901,0.0
902,0.0
903,0.0
904,0.0
905,0.0
906,0.0
907,0.0
908,0.0
909,0.0
910,0.0
911,0.0
912,0.0
913,0.0
914,0.0
915,0.0
916,0.0
917,0.0
918,0.0
919,0.0
920,0.0
921,0.0
922,0.0
923,0.0
924,0.0
925,0.0
926,0.0
927,0.0
928,0.0
929,0.0
930,0.0
931,0.0
932,0.0
933,0.0
934,0.0
935,0.0
936,0.14159534492334655
937,0.14159534492334655
938,0.14159534492334655
939,0.14159534492334655
940,0.14159534492334655
941,0.14159534492334655
942,0.14159534492334655
943,0.14159534492334655
944,0.14159534492334655
945,0.14159534492334655
946,0.14159534492334655
947,0.14159534492334655
948,0.3492864319213249
949,0.3492864319213249
950,0.3492864319213249
951,0.3492864319213249
952,0.3492864319213249
953,0.3492864319213249
954,0.3492864319213249
955,0.3492864319213249
956,0.3492864319213249
957,0.3492864319213249
958,0.3492864319213249
959,0.3492864319213249
960,0.6809495455846681
961,0.6809495455846681
962,0.6809495455846681
963,0.6809495455846681
964,0.6809495455846681
965,0.6809495455846681
966,0.6809495455846681
967,0.6809495455846681
968,0.6809495455846681
969,0.6809495455846681
970,0.6809495455846681
971,0.6809495455846681
972,1.1777047388310433
973,1.1777047388310433
974,1.1777047388310433
975,1.1777047388310433
976,1.1777047388310433
977,1.1777047388310433
978,1.1777047388310433
979,1.1777047388310433
980,1.1777047388310433
981,1.1777047388310433
982,1.1777047388310433
983,1.1777047388310433
984,1.9114886441342267
985,1.9114886441342267
986,1.9114886441342267
987,1.9114886441342267
988,1.9114886441342267
989,1.9114886441342267
990,1.9114886441342267
991,1.9114886441342267
992,1.9114886441342267
993,1.9114886441342267
994,1.9114886441342267
995,1.9114886441342267
996,2.8008447236064655
997,2.8008447236064655
998,2.8008447236064655
999,2.8008447236064655
1000,2.8008447236064655
1001,2.8008447236064655
1002,2.8008447236064655
1003,2.8008447236064655
1004,2.8008447236064655
1005,2.8008447236064655
1006,2.8008447236064655
1007,2.8008447236064655
1008,2.450548140670643
1009,2.450548140670643
1010,2.450548140670643
1011,2.450548140670643
1012,2.450548140670643
1013,2.450548140670643
1014,2.450548140670643
1015,2.450548140670643
1016,2.450548140670643
1017,2.450548140670643
1018,2.450548140670643
1019,2.450548140670643
1020,1.1180151595871486
1021,1.1180151595871486
1022,1.1180151595871486
1023,1.1180151595871486
1024,1.1180151595871486
1025,1.1180151595871486
1026,1.1180151595871486
1027,1.1180151595871486
1028,1.1180151595871486
1029,1.1180151595871486
1030,1.1180151595871486
1031,1.1180151595871486
1032,1.2724699570803597
1033,1.2724699570803597
1034,1.2724699570803597
1035,1.2724699570803597
1036,1.2724699570803597
1037,1.2724699570803597
1038,1.2724699570803597
1039,1.2724699570803597
1040,1.2724699570803597
1041,1.2724699570803597
1042,1.2724699570803597
1043,1.2724699570803597
1044,0.5051199688932269
1045,0.5051199688932269
1046,0.5051199688932269
1047,0.5051199688932269
1048,0.5051199688932269
1049,0.5051199688932269
1050,0.5051199688932269
1051,0.5051199688932269
1052,0.5051199688932269
1053,0.5051199688932269
1054,0.5051199688932269
1055,0.5051199688932269
1056,0.1721669599295717
1057,0.1721669599295717
1058,0.1721669599295717
1059,0.1721669599295717
1060,0.1721669599295717
1061,0.1721669599295717
1062,0.1721669599295717
1063,0.1721669599295717
1064,0.1721669599295717
1065,0.1721669599295717
1066,0.1721669599295717
1067,0.1721669599295717
1068,0.03648411798844052
1069,0.03648411798844052
1070,0.03648411798844052
1071,0.03648411798844052
1072,0.03648411798844052
1073,0.03648411798844052
1074,0.03648411798844052
1075,0.03648411798844052
1076,0.03648411798844052
1077,0.03648411798844052
1078,0.03648411798844052
1079,0.03648411798844052
1080,0.0
1081,0.0
1082,0.0
1083,0.0
1084,0.0
1085,0.0
1086,0.0
1087,0.0
1088,0.0
1089,0.0
1090,0.0
1091,0.0
1092,0.03312423027029598
1093,0.03312423027029598
1094,0.03312423027029598
1095,0.03312423027029598
1096,0.03312423027029598
1097,0.03312423027029598
1098,0.03312423027029598
1099,0.03312423027029598
1100,0.03312423027029598
1101,0.03312423027029598
1102,0.03312423027029598
1103,0.03312423027029598
1104,0.021089486784936697
1105,0.021089486784936697
1106,0.021089486784936697
1107,0.021089486784936697
1108,0.021089486784936697
1109,0.021089486784936697
1110,0.021089486784936697
1111,0.021089486784936697
1112,0.021089486784936697
1113,0.021089486784936697
1114,0.021089486784936697
1115,0.021089486784936697
1116,0.02687258268013792
1117,0.02687258268013792
1118,0.02687258268013792
1119,0.02687258268013792
1120,0.02687258268013792
1121,0.02687258268013792
1122,0.02687258268013792
1123,0.02687258268013792
1124,0.02687258268013792
1125,0.02687258268013792
1126,0.02687258268013792
1127,0.02687258268013792
1128,0.0
1129,0.0
1130,0.0
1131,0.0
1132,0.0
1133,0.0
1134,0.0
1135,0.0
1136,0.0
1137,0.0
1138,0.0
1139,0.0
1140,0.0
1141,0.0
1142,0.0
1143,0.0
1144,0.0
1145,0.0
1146,0.0
1147,0.0
1148,0.0
1149,0.0
1150,0.0
1151,0.0
1152,0.0
1153,0.0
1154,0.0
1155,0.0
1156,0.0
1157,0.0
1158,0.0
1159,0.0
1160,0.0
1161,0.0
1162,0.0
1163,0.0
1164,0.016051749536195953
1165,0.016051749536195953
1166,0.016051749536195953
1167,0.016051749536195953
1168,0.016051749536195953
1169,0.016051749536195953
1170,0.016051749536195953
1171,0.016051749536195953
1172,0.016051749536195953
1173,0.016051749536195953
1174,0.016051749536195953
1175,0.016051749536195953
1176,0.0
1177,0.0
1178,0.0
1179,0.0
1180,0.0
1181,0.0
1182,0.0
1183,0.0
1184,0.0
1185,0.0
1186,0.0
1187,0.0
1188,0.0
1189,0.0
1190,0.0
1191,0.0
1192,0.0
1193,0.0
1194,0.0
1195,0.0
1196,0.0
1197,0.0
1198,0.0
1199,0.0
1200,0.0
1201,0.0
1202,0.0
1203,0.0
1204,0.0
1205,0.0
1206,0.0
1207,0.0
1208,0.0
1209,0.0
1210,0.0
1211,0.0
1212,0.009180642684649184
1213,0.009180642684649184
1214,0.009180642684649184
1215,0.009180642684649184
1216,0.009180642684649184
1217,0.009180642684649184
1218,0.009180642684649184
1219,0.009180642684649184
1220,0.009180642684649184
1221,0.009180642684649184
1222,0.009180642684649184
1223,0.009180642684649184
1224,0.09410235453358758
1225,0.09410235453358758
1226,0.09410235453358758
1227,0.09410235453358758
1228,0.09410235453358758
1229,0.09410235453358758
1230,0.09410235453358758
1231,0.09410235453358758
1232,0.09410235453358758
1233,0.09410235453358758
1234,0.09410235453358758
1235,0.09410235453358758
1236,0.7673006498236054
1237,0.7673006498236054
1238,0.7673006498236054
1239,0.7673006498236054
1240,0.7673006498236054
1241,0.7673006498236054
1242,0.7673006498236054
1243,0.7673006498236054
1244,0.7673006498236054
1245,0.7673006498236054
1246,0.7673006498236054
1247,0.7673006498236054
1248,1.6330073920489119
1249,1.6330073920489119
1250,1.6330073920489119
1251,1.6330073920489119
1252,1.6330073920489119
1253,1.6330073920489119
1254,1.6330073920489119
1255,1.6330073920489119
1256,1.6330073920489119
1257,1.6330073920489119
1258,1.6330073920489119
1259,1.6330073920489119
1260,1.2822968701255941
1261,1.2822968701255941
1262,1.2822968701255941
1263,1.2822968701255941
1264,1.2822968701255941
1265,1.2822968701255941
1266,1.2822968701255941
1267,1.2822968701255941
1268,1.2822968701255941
1269,1.2822968701255941
1270,1.2822968701255941
1271,1.2822968701255941
1272,2.287546613376912
1273,2.287546613376912
1274,2.287546613376912
1275,2.287546613376912
1276,2.287546613376912
1277,2.287546613376912
1278,2.287546613376912
1279,2.287546613376912
1280,2.287546613376912
1281,2.287546613376912
1282,2.287546613376912
1283,2.287546613376912
1284,2.7062986149614314
1285,2.7062986149614314
1286,2.7062986149614314
1287,2.7062986149614314
1288,2.7062986149614314
1289,2.7062986149614314
1290,2.7062986149614314
1291,2.7062986149614314
1292,2.7062986149614314
1293,2.7062986149614314
1294,2.7062986149614314
1295,2.7062986149614314
1296,2.47132029396621
1297,2.47132029396621
1298,2.47132029396621
1299,2.47132029396621
1300,2.47132029396621
1301,2.47132029396621
1302,2.47132029396621
1303,2.47132029396621
1304,2.47132029396621
1305,2.47132029396621
1306,2.47132029396621
1307,2.47132029396621
1308,1.8285346585382574
1309,1.8285346585382574
1310,1.8285346585382574
1311,1.8285346585382574
1312,1.8285346585382574
1313,1.8285346585382574
1314,1.8285346585382574
1315,1.8285346585382574
1316,1.8285346585382574
1317,1.8285346585382574
1318,1.8285346585382574
1319,1.8285346585382574
1320,1.2249487826387744
1321,1.2249487826387744
1322,1.2249487826387744
1323,1.2249487826387744
1324,1.2249487826387744
1325,1.2249487826387744
1326,1.2249487826387744
1327,1.2249487826387744
1328,1.2249487826387744
1329,1.2249487826387744
1330,1.2249487826387744
1331,1.2249487826387744
1332,0.6792074211376639
1333,0.6792074211376639
1334,0.6792074211376639
1335,0.6792074211376639
1336,0.6792074211376639
1337,0.6792074211376639
1338,0.6792074211376639
1339,0.6792074211376639
1340,0.6792074211376639
1341,0.6792074211376639
1342,0.6792074211376639
1343,0.6792074211376639
1344,0.22801378436439323
1345,0.22801378436439323
1346,0.22801378436439323
1347,0.22801378436439323
1348,0.22801378436439323
1349,0.22801378436439323
1350,0.22801378436439323
1351,0.22801378436439323
1352,0.22801378436439323
1353,0.22801378436439323
1354,0.22801378436439323
1355,0.22801378436439323
1356,0.06931582615238059
1357,0.06931582615238059
1358,0.06931582615238059
1359,0.06931582615238059
1360,0.06931582615238059
1361,0.06931582615238059
1362,0.06931582615238059
1363,0.06931582615238059
1364,0.06931582615238059
1365,0.06931582615238059
1366,0.06931582615238059
1367,0.06931582615238059
1368,0.0007514593654746992
1369,0.0007514593654746992
1370,0.0007514593654746992
1371,0.0007514593654746992
1372,0.0007514593654746992
1373,0.0007514593654746992
1374,0.0007514593654746992
1375,0.0007514593654746992
1376,0.0007514593654746992
1377,0.0007514593654746992
1378,0.0007514593654746992
1379,0.0007514593654746992
1380,0.0038472135016869896
1381,0.0038472135016869896
1382,0.0038472135016869896
1383,0.0038472135016869896
1384,0.0038472135016869896
1385,0.0038472135016869896
1386,0.0038472135016869896
1387,0.0038472135016869896
1388,0.0038472135016869896
1389,0.0038472135016869896
1390,0.0038472135016869896
1391,0.0038472135016869896
1392,0.00027613524084737524
1393,0.00027613524084737524
1394,0.00027613524084737524
1395,0.00027613524084737524
1396,0.00027613524084737524
1397,0.00027613524084737524
1398,0.00027613524084737524
1399,0.00027613524084737524
1400,0.00027613524084737524
1401,0.00027613524084737524
1402,0.00027613524084737524
1403,0.00027613524084737524
1404,0.004392913578907508
1405,0.004392913578907508
1406,0.004392913578907508
1407,0.004392913578907508
1408,0.004392913578907508
1409,0.004392913578907508
1410,0.004392913578907508
1411,0.004392913578907508
1412,0.004392913578907508
1413,0.004392913578907508
1414,0.004392913578907508
1415,0.004392913578907508
1416,0.0
1417,0.0
1418,0.0
1419,0.0
1420,0.0
1421,0.0
1422,0.0
1423,0.0
1424,0.0
1425,0.0
1426,0.0
1427,0.0
1428,0.0
1429,0.0
1430,0.0
1431,0.0
1432,0.0
1433,0.0
1434,0.0
1435,0.0
1436,0.0
1437,0.0
1438,0.0
1439,0.0
1440,0.016170311880759354
1441,0.016170311880759354
1442,0.016170311880759354
1443,0.016170311880759354
1444,0.016170311880759354
1445,0.016170311880759354
1446,0.016170311880759354
1447,0.016170311880759354
1448,0.016170311880759354
1449,0.016170311880759354
1450,0.016170311880759354
1451,0.016170311880759354
1452,0.021373691660942693
1453,0.021373691660942693
1454,0.021373691660942693
1455,0.021373691660942693
1456,0.021373691660942693
1457,0.021373691660942693
1458,0.021373691660942693
1459,0.021373691660942693
1460,0.021373691660942693
1461,0.021373691660942693
1462,0.021373691660942693
1463,0.021373691660942693
1464,0.025397846479840436
1465,0.025397846479840436
1466,0.025397846479840436
1467,0.025397846479840436
1468,0.025397846479840436
1469,0.025397846479840436
1470,0.025397846479840436
1471,0.025397846479840436
1472,0.025397846479840436
1473,0.025397846479840436
1474,0.025397846479840436
1475,0.025397846479840436
1476,0.0
1477,0.0
1478,0.0
1479,0.0
1480,0.0
1481,0.0
1482,0.0
1483,0.0
1484,0.0
1485,0.0
1486,0.0
1487,0.0
1488,0.011540338561200186
1489,0.011540338561200186
1490,0.011540338561200186
1491,0.011540338561200186
1492,0.011540338561200186
1493,0.011540338561200186
1494,0.011540338561200186
1495,0.011540338561200186
1496,0.011540338561200186
1497,0.011540338561200186
1498,0.011540338561200186
1499,0.011540338561200186
1500,0.02174543556754902
1501,0.02174543556754902
1502,0.02174543556754902
1503,0.02174543556754902
1504,0.02174543556754902
1505,0.02174543556754902
1506,0.02174543556754902
1507,0.02174543556754902
1508,0.02174543556754902
1509,0.02174543556754902
1510,0.02174543556754902
1511,0.02174543556754902
1512,0.01069413143503733
1513,0.01069413143503733
1514,0.01069413143503733
1515,0.01069413143503733
1516,0.01069413143503733
1517,0.01069413143503733
1518,0.01069413143503733
1519,0.01069413143503733
1520,0.01069413143503733
1521,0.01069413143503733
1522,0.01069413143503733
1523,0.01069413143503733
1524,0.22337618924912703
1525,0.22337618924912703
1526,0.22337618924912703
1527,0.22337618924912703
1528,0.22337618924912703
1529,0.22337618924912703
1530,0.22337618924912703
1531,0.22337618924912703
1532,0.22337618924912703
1533,0.22337618924912703
1534,0.22337618924912703
1535,0.22337618924912703
1536,0.7076969215591657
1537,0.7076969215591657
1538,0.7076969215591657
1539,0.7076969215591657
1540,0.7076969215591657
1541,0.7076969215591657
1542,0.7076969215591657
1543,0.7076969215591657
1544,0.7076969215591657
1545,0.7076969215591657
1546,0.7076969215591657
1547,0.7076969215591657
1548,0.9290608063507554
1549,0.9290608063507554
1550,0.9290608063507554
1551,0.9290608063507554
1552,0.9290608063507554
1553,0.9290608063507554
1554,0.9290608063507554
1555,0.9290608063507554
1556,0.9290608063507554
1557,0.9290608063507554
1558,0.9290608063507554
1559,0.9290608063507554
1560,1.5686646552305419
1561,1.5686646552305419
1562,1.5686646552305419
1563,1.5686646552305419
1564,1.5686646552305419
1565,1.5686646552305419
1566,1.5686646552305419
1567,1.5686646552305419
1568,1.5686646552305419
1569,1.5686646552305419
1570,1.5686646552305419
1571,1.5686646552305419
1572,2.2984470907896513
1573,2.2984470907896513
1574,2.2984470907896513
1575,2.2984470907896513
1576,2.2984470907896513
1577,2.2984470907896513
1578,2.2984470907896513
1579,2.2984470907896513
1580,2.2984470907896513
1581,2.2984470907896513
1582,2.2984470907896513
1583,2.2984470907896513
1584,1.7714842907783783
1585,1.7714842907783783
1586,1.7714842907783783
1587,1.7714842907783783
1588,1.7714842907783783
1589,1.7714842907783783
1590,1.7714842907783783
1591,1.7714842907783783
1592,1.7714842907783783
1593,1.7714842907783783
1594,1.7714842907783783
1595,1.7714842907783783
1596,1.6459820627896646
1597,1.6459820627896646
1598,1.6459820627896646
1599,1.6459820627896646
1600,1.6459820627896646
1601,1.6459820627896646
1602,1.6459820627896646
1603,1.6459820627896646
1604,1.6459820627896646
1605,1.6459820627896646
1606,1.6459820627896646
1607,1.6459820627896646
1608,0.8924667644551492
1609,0.8924667644551492
1610,0.8924667644551492
1611,0.8924667644551492
1612,0.8924667644551492
1613,0.8924667644551492
1614,0.8924667644551492
1615,0.8924667644551492
1616,0.8924667644551492
1617,0.8924667644551492
1618,0.8924667644551492
1619,0.8924667644551492
1620,0.6598793236818192
1621,0.6598793236818192
1622,0.6598793236818192
1623,0.6598793236818192
1624,0.6598793236818192
1625,0.6598793236818192
1626,0.6598793236818192
1627,0.6598793236818192
1628,0.6598793236818192
1629,0.6598793236818192
1630,0.6598793236818192
1631,0.6598793236818192
1632,0.16964045805515374
1633,0.16964045805515374
1634,0.16964045805515374
1635,0.16964045805515374
1636,0.16964045805515374
1637,0.16964045805515374
1638,0.16964045805515374
1639,0.16964045805515374
1640,0.16964045805515374
1641,0.16964045805515374
1642,0.16964045805515374
1643,0.16964045805515374
1644,0.01976482873333694
1645,0.01976482873333694
1646,0.01976482873333694
1647,0.01976482873333694
1648,0.01976482873333694
1649,0.01976482873333694
1650,0.01976482873333694
1651,0.01976482873333694
1652,0.01976482873333694
1653,0.01976482873333694
1654,0.01976482873333694
1655,0.01976482873333694
1656,0.0025461388818425372
1657,0.0025461388818425372
1658,0.0025461388818425372
1659,0.0025461388818425372
1660,0.0025461388818425372
1661,0.0025461388818425372
1662,0.0025461388818425372
1663,0.0025461388818425372
1664,0.0025461388818425372
1665,0.0025461388818425372
1666,0.0025461388818425372
1667,0.0025461388818425372
1668,0.0018568182967210244
1669,0.0018568182967210244
1670,0.0018568182967210244
1671,0.0018568182967210244
1672,0.0018568182967210244
1673,0.0018568182967210244
1674,0.0018568182967210244
1675,0.0018568182967210244
1676,0.0018568182967210244
1677,0.0018568182967210244
1678,0.0018568182967210244
1679,0.0018568182967210244
1680,0.024908741875273404
1681,0.024908741875273404
1682,0.024908741875273404
1683,0.024908741875273404
1684,0.024908741875273404
1685,0.024908741875273404
1686,0.024908741875273404
1687,0.024908741875273404
1688,0.024908741875273404
1689,0.024908741875273404
1690,0.024908741875273404
1691,0.024908741875273404
1692,0.031841922458013934
1693,0.031841922458013934
1694,0.031841922458013934
1695,0.031841922458013934
1696,0.031841922458013934
1697,0.031841922458013934
1698,0.031841922458013934
1699,0.031841922458013934
1700,0.031841922458013934
1701,0.031841922458013934
1702,0.031841922458013934
1703,0.031841922458013934
1704,0.005005091552570804
1705,0.005005091552570804
1706,0.005005091552570804
1707,0.005005091552570804
1708,0.005005091552570804
1709,0.005005091552570804
1710,0.005005091552570804
1711,0.005005091552570804
1712,0.005005091552570804
1713,0.005005091552570804
1714,0.005005091552570804
1715,0.005005091552570804
1716,0.0
1717,0.0
1718,0.0
1719,0.0
1720,0.0
1721,0.0
1722,0.0
1723,0.0
1724,0.0
1725,0.0
1726,0.0
1727,0.0
1728,0.0027271373528326474
1729,0.0027271373528326474
1730,0.0027271373528326474
1731,0.0027271373528326474
1732,0.0027271373528326474
1733,0.0027271373528326474
1734,0.0027271373528326474
1735,0.0027271373528326474
1736,0.0027271373528326474
1737,0.0027271373528326474
1738,0.0027271373528326474
1739,0.0027271373528326474
1740,0.0027271373528326474
1741,0.0027271373528326474
1742,0.0027271373528326474
1743,0.0027271373528326474
1744,0.0027271373528326474
1745,0.0027271373528326474
1746,0.0027271373528326474
1747,0.0027271373528326474
1748,0.0027271373528326474
1749,0.0027271373528326474
1750,0.0027271373528326474
1751,0.0027271373528326474
1752,0.008661864721168403
1753,0.008661864721168403
1754,0.008661864721168403
1755,0.008661864721168403
1756,0.008661864721168403
1757,0.008661864721168403
1758,0.008661864721168403
1759,0.008661864721168403
1760,0.008661864721168403
1761,0.008661864721168403
1762,0.008661864721168403
1763,0.008661864721168403
1764,0.04423911288007297
1765,0.04423911288007297
1766,0.04423911288007297
1767,0.04423911288007297
1768,0.04423911288007297
1769,0.04423911288007297
1770,0.04423911288007297
1771,0.04423911288007297
1772,0.04423911288007297
1773,0.04423911288007297
1774,0.04423911288007297
1775,0.04423911288007297
1776,0.00288563845027388
1777,0.00288563845027388
1778,0.00288563845027388
1779,0.00288563845027388
1780,0.00288563845027388
1781,0.00288563845027388
1782,0.00288563845027388
1783,0.00288563845027388
1784,0.00288563845027388
1785,0.00288563845027388
1786,0.00288563845027388
1787,0.00288563845027388
1788,0.04221295015037877
1789,0.04221295015037877
1790,0.04221295015037877
1791,0.04221295015037877
1792,0.04221295015037877
1793,0.04221295015037877
1794,0.04221295015037877
1795,0.04221295015037877
1796,0.04221295015037877
1797,0.04221295015037877
1798,0.04221295015037877
1799,0.04221295015037877
1800,0.3205442428667864
1801,0.3205442428667864
1802,0.3205442428667864
1803,0.3205442428667864
1804,0.3205442428667864
1805,0.3205442428667864
1806,0.3205442428667864
1807,0.3205442428667864
1808,0.3205442428667864
1809,0.3205442428667864
1810,0.3205442428667864
1811,0.3205442428667864
1812,1.0686361901774784
1813,1.0686361901774784
1814,1.0686361901774784
1815,1.0686361901774784
1816,1.0686361901774784
1817,1.0686361901774784
1818,1.0686361901774784
1819,1.0686361901774784
1820,1.0686361901774784
1821,1.0686361901774784
1822,1.0686361901774784
1823,1.0686361901774784
1824,2.060613607278044
1825,2.060613607278044
1826,2.060613607278044
1827,2.060613607278044
1828,2.060613607278044
1829,2.060613607278044
1830,2.060613607278044
1831,2.060613607278044
1832,2.060613607278044
1833,2.060613607278044
1834,2.060613607278044
1835,2.060613607278044
1836,2.7068805637252833
1837,2.7068805637252833
1838,2.7068805637252833
1839,2.7068805637252833
1840,2.7068805637252833
1841,2.7068805637252833
1842,2.7068805637252833
1843,2.7068805637252833
1844,2.7068805637252833
1845,2.7068805637252833
1846,2.7068805637252833
1847,2.7068805637252833
1848,2.8392462611606044
1849,2.8392462611606044
1850,2.8392462611606044
1851,2.8392462611606044
1852,2.8392462611606044
1853,2.8392462611606044
1854,2.8392462611606044
1855,2.8392462611606044
1856,2.8392462611606044
1857,2.8392462611606044
1858,2.8392462611606044
1859,2.8392462611606044
1860,2.794726870948786
1861,2.794726870948786
1862,2.794726870948786
1863,2.794726870948786
1864,2.794726870948786
1865,2.794726870948786
1866,2.794726870948786
1867,2.794726870948786
1868,2.794726870948786
1869,2.794726870948786
1870,2.794726870948786
1871,2.794726870948786
1872,2.513523134462703
1873,2.513523134462703
1874,2.513523134462703
1875,2.513523134462703
1876,2.513523134462703
1877,2.513523134462703
1878,2.513523134462703
1879,2.513523134462703
1880,2.513523134462703
1881,2.513523134462703
1882,2.513523134462703
1883,2.513523134462703
1884,1.7147655076275834
1885,1.7147655076275834
1886,1.7147655076275834
1887,1.7147655076275834
1888,1.7147655076275834
1889,1.7147655076275834
1890,1.7147655076275834
1891,1.7147655076275834
1892,1.7147655076275834
1893,1.7147655076275834
1894,1.7147655076275834
1895,1.7147655076275834
1896,1.454649836964317
1897,1.454649836964317
1898,1.454649836964317
1899,1.454649836964317
1900,1.454649836964317
1901,1.454649836964317
1902,1.454649836964317
1903,1.454649836964317
1904,1.454649836964317
1905,1.454649836964317
1906,1.454649836964317
1907,1.454649836964317
1908,0.8481035816359741
1909,0.8481035816359741
1910,0.8481035816359741
1911,0.8481035816359741
1912,0.8481035816359741
1913,0.8481035816359741
1914,0.8481035816359741
1915,0.8481035816359741
1916,0.8481035816359741
1917,0.8481035816359741
1918,0.8481035816359741
1919,0.8481035816359741
1920,0.2411004022086857
1921,0.2411004022086857
1922,0.2411004022086857
1923,0.2411004022086857
1924,0.2411004022086857
1925,0.2411004022086857
1926,0.2411004022086857
1927,0.2411004022086857
1928,0.2411004022086857
1929,0.2411004022086857
1930,0.2411004022086857
1931,0.2411004022086857
1932,0.09304268493107687
1933,0.09304268493107687
1934,0.09304268493107687
1935,0.09304268493107687
1936,0.09304268493107687
1937,0.09304268493107687
1938,0.09304268493107687
1939,0.09304268493107687
1940,0.09304268493107687
1941,0.09304268493107687
1942,0.09304268493107687
1943,0.09304268493107687
1944,0.003924946944475979
1945,0.003924946944475979
1946,0.003924946944475979
1947,0.003924946944475979
1948,0.003924946944475979
1949,0.003924946944475979
1950,0.003924946944475979
1951,0.003924946944475979
1952,0.003924946944475979
1953,0.003924946944475979
1954,0.003924946944475979
1955,0.003924946944475979
1956,0.004988401841292019
1957,0.004988401841292019
1958,0.004988401841292019
1959,0.004988401841292019
1960,0.004988401841292019
1961,0.004988401841292019
1962,0.004988401841292019
1963,0.004988401841292019
1964,0.004988401841292019
1965,0.004988401841292019
1966,0.004988401841292019
1967,0.004988401841292019
1968,0.009056180519878236
1969,0.009056180519878236
1970,0.009056180519878236
1971,0.009056180519878236
1972,0.009056180519878236
1973,0.009056180519878236
1974,0.009056180519878236
1975,0.009056180519878236
1976,0.009056180519878236
1977,0.009056180519878236
1978,0.009056180519878236
1979,0.009056180519878236
1980,0.0
1981,0.0
1982,0.0
1983,0.0
1984,0.0
1985,0.0
1986,0.0
1987,0.0
1988,0.0
1989,0.0
1990,0.0
1991,0.0
1992,0.00337221327046241
1993,0.00337221327046241
1994,0.00337221327046241
1995,0.00337221327046241
1996,0.00337221327046241
1997,0.00337221327046241
1998,0.00337221327046241
1999,0.00337221327046241
2000,0.00337221327046241
2001,0.00337221327046241
2002,0.00337221327046241
2003,0.00337221327046241
2004,0.004746437176941799
2005,0.004746437176941799
2006,0.004746437176941799
2007,0.004746437176941799
2008,0.004746437176941799
2009,0.004746437176941799
2010,0.004746437176941799
2011,0.004746437176941799
2012,0.004746437176941799
2013,0.004746437176941799
2014,0.004746437176941799
2015,0.004746437176941799
2016,0.005744939460777854
2017,0.005744939460777854
2018,0.005744939460777854
2019,0.005744939460777854
2020,0.005744939460777854
2021,0.005744939460777854
2022,0.005744939460777854
2023,0.005744939460777854
2024,0.005744939460777854
2025,0.005744939460777854
2026,0.005744939460777854
2027,0.005744939460777854
2028,0.004503308701496583
2029,0.004503308701496583
2030,0.004503308701496583
2031,0.004503308701496583
2032,0.004503308701496583
2033,0.004503308701496583
2034,0.004503308701496583
2035,0.004503308701496583
2036,0.004503308701496583
2037,0.004503308701496583
2038,0.004503308701496583
2039,0.004503308701496583
2040,0.0
2041,0.0
2042,0.0
2043,0.0
2044,0.0
2045,0.0
2046,0.0
2047,0.0
2048,0.0
2049,0.0
2050,0.0
2051,0.0
2052,0.0
2053,0.0
2054,0.0
2055,0.0
2056,0.0
2057,0.0
2058,0.0
2059,0.0
2060,0.0
2061,0.0
2062,0.0
2063,0.0
2064,0.0009437933739648615
2065,0.0009437933739648615
2066,0.0009437933739648615
2067,0.0009437933739648615
2068,0.0009437933739648615
2069,0.0009437933739648615
2070,0.0009437933739648615
2071,0.0009437933739648615
2072,0.0009437933739648615
2073,0.0009437933739648615
2074,0.0009437933739648615
2075,0.0009437933739648615
2076,0.06424100055029543
2077,0.06424100055029543
2078,0.06424100055029543
2079,0.06424100055029543
2080,0.06424100055029543
2081,0.06424100055029543
2082,0.06424100055029543
2083,0.06424100055029543
2084,0.06424100055029543
2085,0.06424100055029543
2086,0.06424100055029543
2087,0.06424100055029543
2088,0.3520474525963504
2089,0.3520474525963504
2090,0.3520474525963504
2091,0.3520474525963504
2092,0.3520474525963504
2093,0.3520474525963504
2094,0.3520474525963504
2095,0.3520474525963504
2096,0.3520474525963504
2097,0.3520474525963504
2098,0.3520474525963504
2099,0.3520474525963504
2100,0.6575027865859819
2101,0.6575027865859819
2102,0.6575027865859819
2103,0.6575027865859819
2104,0.6575027865859819
2105,0.6575027865859819
2106,0.6575027865859819
2107,0.6575027865859819
2108,0.6575027865859819
2109,0.6575027865859819
2110,0.6575027865859819
2111,0.6575027865859819
2112,0.9404835107187188
2113,0.9404835107187188
2114,0.9404835107187188
2115,0.9404835107187188
2116,0.9404835107187188
2117,0.9404835107187188
2118,0.9404835107187188
2119,0.9404835107187188
2120,0.9404835107187188
2121,0.9404835107187188
2122,0.9404835107187188
2123,0.9404835107187188
2124,1.5865758896587916
2125,1.5865758896587916
2126,1.5865758896587916
2127,1.5865758896587916
2128,1.5865758896587916
2129,1.5865758896587916
2130,1.5865758896587916
2131,1.5865758896587916
2132,1.5865758896587916
2133,1.5865758896587916
2134,1.5865758896587916
2135,1.5865758896587916
2136,1.5919353651161559
2137,1.5919353651161559
2138,1.5919353651161559
2139,1.5919353651161559
2140,1.5919353651161559
2141,1.5919353651161559
2142,1.5919353651161559
2143,1.5919353651161559
2144,1.5919353651161559
2145,1.5919353651161559
2146,1.5919353651161559
2147,1.5919353651161559
2148,1.6631529234143037
2149,1.6631529234143037
2150,1.6631529234143037
2151,1.6631529234143037
2152,1.6631529234143037
2153,1.6631529234143037
2154,1.6631529234143037
2155,1.6631529234143037
2156,1.6631529234143037
2157,1.6631529234143037
2158,1.6631529234143037
2159,1.6631529234143037
2160,1.5437899530241757
2161,1.5437899530241757
2162,1.5437899530241757
2163,1.5437899530241757
2164,1.5437899530241757
2165,1.5437899530241757
2166,1.5437899530241757
2167,1.5437899530241757
2168,1.5437899530241757
2169,1.5437899530241757
2170,1.5437899530241757
2171,1.5437899530241757
2172,1.3233180691633122
2173,1.3233180691633122
2174,1.3233180691633122
2175,1.3233180691633122
2176,1.3233180691633122
2177,1.3233180691633122
2178,1.3233180691633122
2179,1.3233180691633122
2180,1.3233180691633122
2181,1.3233180691633122
2182,1.3233180691633122
2183,1.3233180691633122
2184,0.9726289659207124
2185,0.9726289659207124
2186,0.9726289659207124
2187,0.9726289659207124
2188,0.9726289659207124
2189,0.9726289659207124
2190,0.9726289659207124
2191,0.9726289659207124
2192,0.9726289659207124
2193,0.9726289659207124
2194,0.9726289659207124
2195,0.9726289659207124
2196,0.6159490501702889
2197,0.6159490501702889
2198,0.6159490501702889
2199,0.6159490501702889
2200,0.6159490501702889
2201,0.6159490501702889
2202,0.6159490501702889
2203,0.6159490501702889
2204,0.6159490501702889
2205,0.6159490501702889
2206,0.6159490501702889
2207,0.6159490501702889
2208,0.17072173680143699
2209,0.17072173680143699
2210,0.17072173680143699
2211,0.17072173680143699
2212,0.17072173680143699
2213,0.17072173680143699
2214,0.17072173680143699
2215,0.17072173680143699
2216,0.17072173680143699
2217,0.17072173680143699
2218,0.17072173680143699
2219,0.17072173680143699
2220,0.061086430645714895
2221,0.061086430645714895
2222,0.061086430645714895
2223,0.061086430645714895
2224,0.061086430645714895
2225,0.061086430645714895
2226,0.061086430645714895
2227,0.061086430645714895
2228,0.061086430645714895
2229,0.061086430645714895
2230,0.061086430645714895
2231,0.061086430645714895
2232,0.016843443562843962
2233,0.016843443562843962
2234,0.016843443562843962
2235,0.016843443562843962
2236,0.016843443562843962
2237,0.016843443562843962
2238,0.016843443562843962
2239,0.016843443562843962
2240,0.016843443562843962
2241,0.016843443562843962
2242,0.016843443562843962
2243,0.016843443562843962
2244,0.021803305866356117
2245,0.021803305866356117
2246,0.021803305866356117
2247,0.021803305866356117
2248,0.021803305866356117
2249,0.021803305866356117
2250,0.021803305866356117
2251,0.021803305866356117
2252,0.021803305866356117
2253,0.021803305866356117
2254,0.021803305866356117
2255,0.021803305866356117
2256,0.007455676388950275
2257,0.007455676388950275
2258,0.007455676388950275
2259,0.007455676388950275
2260,0.007455676388950275
2261,0.007455676388950275
2262,0.007455676388950275
2263,0.007455676388950275
2264,0.007455676388950275
2265,0.007455676388950275
2266,0.007455676388950275
2267,0.007455676388950275
2268,0.0
2269,0.0
2270,0.0
2271,0.0
2272,0.0
2273,0.0
2274,0.0
2275,0.0
2276,0.0
2277,0.0
2278,0.0
2279,0.0
2280,0.0
2281,0.0
2282,0.0
2283,0.0
2284,0.0
2285,0.0
2286,0.0
2287,0.0
2288,0.0
2289,0.0
2290,0.0
2291,0.0
2292,0.0
2293,0.0
2294,0.0
2295,0.0
2296,0.0
2297,0.0
2298,0.0
2299,0.0
2300,0.0
2301,0.0
2302,0.0
2303,0.0
